Categoria,ID
Carga PGM,15653
Sincronismo Nomad,15655
Falta de retorno do usuário,15702
Carga PGM,15738
Ajuste de perfil,15789
Sincronismo Nomad,15802
Sincronismo Nomad,15810
Falta de retorno do usuário,15812
Falta de retorno do usuário,15885
Orientação - Instrução ao usuário de como utilizar o módulo,15890
Ajuste de Tela,15962
Correção de Cadastro,15968
Orientação - Instrução ao usuário de como utilizar o módulo,15969
Carga Massiva,15977
Sincronismo Nomad,15987
Orientação - Instrução ao usuário de como utilizar o módulo,16022
Carga Massiva,16056
Checkagem de recursos da aplicação,21901
Falha de acesso,16130
Criação de Acesso,16167
Ajuste de perfil,16205
Criação de Acesso,16209
Ajuste de credenciais de integração com SAM,16220
Ajuste de Filtro - Padrão Grupo Predefinido,16234
Ajuste de Tela,16249
Carga Massiva,16313
Falha de acesso,16323
Carga Massiva,16331
Ajuste de credenciais de integração com SAM,16333
Correção de Cadastro,16433
Ajuste de perfil,16476
Sincronismo Nomad,16482
Sincronismo Nomad,16483
Checkagem de recursos da aplicação,21925
Ajuste de perfil,16491
Orientação - Instrução ao usuário de como utilizar o módulo,16503
Carga Massiva,16508
Checkagem de recursos da aplicação,22206
Checkagem de recursos da aplicação,22210
Sincronismo Nomad,16517
Correção de Cadastro,16547
Orientação - Instrução ao usuário de como utilizar o módulo,16566
Orientação - Instrução ao usuário de como utilizar o módulo,16569
Instrução para realizar login,16570
Ajuste de perfil,16600
Orientação - Instrução ao usuário de como utilizar o módulo,16631
Ajuste de perfil,16659
Sincronismo Nomad,16712
Sincronismo Nomad,16717
Carga PGM,16722
Carga PGM,16742
Carga Massiva,16754
Sincronismo Nomad,16783
Sincronismo Nomad,16919
Criação de Acesso,16940
Falha de acesso,16941
Correção de Cadastro,16951
Sincronismo Nomad,16973
Sincronismo Nomad,17015
Sincronismo Nomad,17016
Sincronismo Nomad,17064
Sincronismo Nomad,17069
Orientação - Instrução ao usuário de como utilizar o módulo,17106
Sincronismo Nomad,17116
Sincronismo Nomad,17125
Carga Massiva,17165
Usuário Orientado a Abrir IT Demand,17283
Orientação - Instrução ao usuário de como utilizar o módulo,17293
Usuário Orientado a Abrir IT Demand,17306
Correção de Cadastro,17311
Ajuste de perfil,17328
Correção de Cadastro,17332
Carga PGM,17407
Carga PGM,17409
Carga PGM,17417
Orientação - Instrução ao usuário de como utilizar o módulo,17430
Correção de Cadastro,17453
Orientação - Instrução ao usuário de como utilizar o módulo,17482
Correção de Cadastro,17491
Correção de Cadastro,17492
Escalado para o Fornecedor,17496
Carga PGM,17520
Escalado para Infra,17529
Orientação - Instrução ao usuário de como utilizar o módulo,17537
Ajuste de Filtro - Padrão Grupo Predefinido,17551
Orientação - Instrução ao usuário de como utilizar o módulo,17564
Orientação - Instrução ao usuário de como utilizar o módulo,17581
Extração de dados,17582
Ajuste de perfil,17613
Carga PGM,17654
Correção de Cadastro,17667
Orientação - Instrução ao usuário de como utilizar o módulo,17686
Ajuste de Tela,17693
Sincronismo Nomad,17742
Checkagem de recursos da aplicação,20113
Falta de retorno do usuário,17758
Ajuste de perfil,17805
Falta de retorno do usuário,17806
Criação de Acesso,17812
Criação de Acesso,17814
Correção de Cadastro,17824
Carga PGM,17922
Sincronismo Nomad,17939
Correção de Cadastro,17940
Orientação - Instrução ao usuário de como utilizar o módulo,17944
Correção de Cadastro,17960
Carga PGM,17962
Correção de Cadastro,17982
Orientação - Instrução ao usuário de como utilizar o módulo,18066
Ajuste de perfil,18291
Ajuste de Tela,18448
Carga PGM,18480
Ajuste de parâmetro do sistema,18482
Carga PGM,18562
Correção de Cadastro,18564
Sincronismo Nomad,18683
Sincronismo Nomad,18689
Checkagem de recursos da aplicação,21443
Checkagem de recursos da aplicação,21610
Checkagem de recursos da aplicação,37850
Falha de acesso,18720
Checkagem de recursos da aplicação,47815
Sincronismo Nomad,18754
Sincronismo Nomad,18760
Sincronismo Nomad,18828
Checkagem de recursos da aplicação,51136
Checkagem de recursos da aplicação,51138
Carga PGM,18912
Ajuste de perfil,18961
Ajuste de perfil,18979
Ajuste de perfil,19158
Escalado para o Fornecedor,19162
Orientação - Instrução ao usuário de como utilizar o módulo,19167
Ajuste de perfil,19214
Sincronismo Nomad,19245
Ajuste de perfil,19269
Carga PGM,19350
Carga PGM,19352
Carga PGM,19358
Carga PGM,19373
Falha de acesso,19386
Sincronismo Nomad,19396
Checkagem de recursos da aplicação,16126
Checkagem de recursos da aplicação,16487
Checkagem de recursos da aplicação,16512
Ajuste de perfil,19444
Carga PGM,19461
Sincronismo Nomad,19464
Ajuste de Filtro - Padrão Grupo Predefinido,19516
Correção de Cadastro,19551
Reinicio de serviço de relatório,19566
Reinicio de serviço de relatório,19567
Reinicio de serviço de relatório,19568
Reinicio de serviço de relatório,19569
Correção de Cadastro,19570
Orientação - Instrução ao usuário de como utilizar o módulo,19571
Ajuste de Tela,19572
Orientação - Instrução ao usuário de como utilizar o módulo,19573
Orientação - Instrução ao usuário de como utilizar o módulo,19574
Ajuste de perfil,19575
Orientação - Instrução ao usuário de como utilizar o módulo,19576
Orientação - Instrução ao usuário de como utilizar o módulo,19577
Limpeza de Cache,19579
Ajuste de perfil,19580
Time Out,19581
Ajuste de Tela,19582
Ajuste de Tela,19583
Correção de Cadastro,19584
Ajuste de perfil,19585
Correção de Cadastro,19586
Falha de acesso,19587
Correção de Cadastro,19588
Correção de Cadastro,19590
Correção de Cadastro,19591
Ajuste de perfil,19593
Correção de Cadastro,19594
Orientação - Instrução ao usuário de como utilizar o módulo,19595
Chamado aberto indevidamente,19596
Correção de Cadastro,19597
Orientação - Instrução ao usuário de como utilizar o módulo,19601
Reinicio de serviço de relatório,19603
Correção de Cadastro,19604
Correção de Cadastro,19608
Sincronismo Nomad,19611
Sincronismo Nomad,19612
Sincronismo Nomad,19617
Correção de Cadastro,19619
Sincronismo Nomad,19620
Correção de Cadastro,19621
Ajuste de perfil,19623
Orientação - Instrução ao usuário de como utilizar o módulo,19628
Correção de Cadastro,19651
Correção de Cadastro,19660
Correção de Cadastro,19664
Ajuste de Tela,19669
Correção de Cadastro,19671
Chamado aberto indevidamente,19673
Associar Relatorios ao grupo de acesso,19674
Orientação - Usuario Orientado como usar o modulo,19680
Sincronismo Nomad,19693
Sincronismo Nomad,19694
Ajuste de Relatorio,19698
Correção de Cadastro,19704
Sincronismo Nomad,19707
Sincronismo Nomad,19710
Sincronismo Nomad,19727
Sincronismo Nomad,19729
Sincronismo Nomad,19733
Sincronismo Nomad,19758
Correção de Cadastro,19760
Sincronismo Nomad,19794
Carga PGM,19801
Ajuste de perfil,19806
Correção de Cadastro,19809
Correção de Cadastro,19813
Sincronismo Nomad,19857
Sincronismo Nomad,19861
Sincronismo Nomad,19863
Correção de Cadastro,19865
Sincronismo Nomad,19870
Sincronismo Nomad,19871
Sincronismo Nomad,19874
Correção de Cadastro,19885
Sincronismo Nomad,19886
Ajuste de parâmetro do sistema,19896
Sincronismo Nomad,19898
Correção de Cadastro,19937
Sincronismo Nomad,19939
Orientação - Instrução ao usuário de como utilizar o módulo,19944
Sincronismo Nomad,19953
Sincronismo Nomad,19955
Correção de Cadastro,19956
Correção de Cadastro,19975
Extração de dados,19993
Orientação - Instrução ao usuário de como utilizar o módulo,20005
Sincronismo Nomad,20007
Orientação - Mudança de Status OS/SS/Equipamento,20008
Orientação - Instrução ao usuário de como utilizar o módulo,20041
Ajuste de perfil,20042
Sincronismo Nomad,20062
Carga PGM,20067
Sincronismo Nomad,20082
Sincronismo Nomad,20088
Ajuste de Workflow,20089
Associar Relatorios ao grupo de acesso,20091
Orientação - Usuario Orientado como usar o modulo,20094
Sincronismo Nomad,20096
Checkagem de recursos da aplicação,16513
Falha de acesso,20115
Checkagem de recursos da aplicação,20116
Checkagem de recursos da aplicação,17745
Sincronismo Nomad,20124
Falta de retorno do usuário,20125
Chamado aberto indevidamente,20127
Orientação - Instrução ao usuário de como utilizar o módulo,20143
Orientação - Instrução ao usuário de como utilizar o módulo,20211
Sincronismo Nomad,20217
Ajuste de Tela,20221
Correção de Cadastro,20250
Orientação - Instrução ao usuário de como utilizar o módulo,20253
Sincronismo Nomad,20256
Reinicio de serviço de relatório,20278
Carga PGM,20303
Ajuste de Tela,20331
Carga PGM,20335
Ajuste de perfil,20424
Restaurar backup para recuperação de arquivo,20436
Sincronismo Nomad,20442
Usuário Orientado a Abrir IT Demand,20458
Orientação - Usuario Orientado como usar o modulo,20459
Correção de Cadastro,20460
Orientação - Instrução ao usuário de como utilizar o módulo,20461
Correção de Cadastro,20499
Carga PGM,20500
Correção de Cadastro,20501
Orientação - Usuario Orientado como usar o modulo,20549
Carga Massiva,20561
Sincronismo Nomad,20566
Escalado para o Fornecedor,20572
Sincronismo Nomad,20574
Sincronismo Nomad,20575
Escalado para Infra,20595
Correção de Cadastro,20597
Carga Massiva,20626
Correção de Cadastro,20650
Ajuste de perfil,20667
Correção de Cadastro,20712
Reinicio de serviço de relatório,20713
Correção de Cadastro,20720
Orientação - Instrução ao usuário de como utilizar o módulo,20738
Carga PGM,20790
Carga PGM,20849
Orientação - Usuario Orientado como usar o modulo,20896
Carga PGM,20927
Ajuste de Relatorio,20930
Ajuste de perfil,20940
Carga PGM,20962
Falta de retorno do usuário,20964
Usuário Orientado a Abrir IT Demand,20965
Carga Massiva,20969
Correção de Cadastro,21031
Falha de acesso,21056
Correção de Cadastro,21083
Correção de Cadastro,21086
Correção de Cadastro,21088
Criação de Acesso,21090
Falha de acesso,21117
Correção de Cadastro,21137
Criação de Acesso,21142
Orientação - Instrução ao usuário de como utilizar o módulo,21143
Ajuste de Tela,21174
Carga Massiva,21179
Carga PGM,21190
Escalado para o Fornecedor,21210
Orientação - Instrução ao usuário de como utilizar o módulo,21225
Ajuste de perfil,21244
Ajuste de perfil,21246
Sincronismo Nomad,21248
Orientação - Usuario Orientado como usar o modulo,21267
Sincronismo Nomad,21273
Carga Massiva,21296
Carga PGM,21299
Correção de Cadastro,21314
Chamado aberto indevidamente,21342
Chamado aberto indevidamente,21362
Orientação - Usuario Orientado como usar o modulo,21386
Carga PGM,21410
Checkagem de recursos da aplicação,18707
Checkagem de recursos da aplicação,18716
Checkagem de recursos da aplicação,18718
Falha de acesso,21447
Time Out,21449
Checkagem de recursos da aplicação,21453
Checkagem de recursos da aplicação,21456
Falha de acesso,21461
Falha de acesso,21473
Falha de acesso,21474
Criação de Acesso,21475
Criação de Acesso,21478
Checkagem de recursos da aplicação,18723
Criação de Acesso,21484
Checkagem de recursos da aplicação,21485
Criação de Acesso,21486
Carga Massiva,21491
Orientação - Usuario Orientado como usar o modulo,21504
Orientação - Usuario Orientado como usar o modulo,21505
Orientação - Instrução ao usuário de como utilizar o módulo,21512
Falta de retorno do usuário,21514
Checkagem de recursos da aplicação,18880
Checkagem de recursos da aplicação,18881
Sincronismo Nomad,21525
Checkagem de recursos da aplicação,19405
Checkagem de recursos da aplicação,19432
Checkagem de recursos da aplicação,19436
Correção de Cadastro,21579
Checkagem de recursos da aplicação,20117
Checkagem de recursos da aplicação,21425
Checkagem de recursos da aplicação,21446
Criação de Acesso,21597
Falha de acesso,21598
Ajuste de perfil,21601
Checkagem de recursos da aplicação,21603
Checkagem de recursos da aplicação,21482
Checkagem de recursos da aplicação,21520
Falha de acesso,21609
Checkagem de recursos da aplicação,21524
Sincronismo Nomad,21618
Orientação - Usuario Orientado como usar o modulo,21621
Carga Massiva,21638
Checkagem de recursos da aplicação,21641
Orientação - Usuario Orientado como usar o modulo,21643
Falha de acesso,21654
Correção de Cadastro,21659
Ajuste de parâmetro do sistema,21670
Checkagem de recursos da aplicação,21539
Falha de acesso,21680
Correção de Cadastro,21681
Falha de acesso,21682
Carga Massiva,21720
Carga Massiva,21721
Checkagem de recursos da aplicação,21728
Escalado para o Fornecedor,21738
Checkagem de recursos da aplicação,21548
Escalado para o Fornecedor,21766
Checkagem de recursos da aplicação,21783
Checkagem de recursos da aplicação,21786
Checkagem de recursos da aplicação,21568
Checkagem de recursos da aplicação,21581
Checkagem de recursos da aplicação,21592
Checkagem de recursos da aplicação,21596
Checkagem de recursos da aplicação,21606
Falha de acesso,21825
Checkagem de recursos da aplicação,21607
Checkagem de recursos da aplicação,21678
Correção de Cadastro,21832
Sincronismo Nomad,21833
Checkagem de recursos da aplicação,21836
Correção de Cadastro,21857
Orientação - Instrução ao usuário de como utilizar o módulo,21869
Checkagem de recursos da aplicação,21762
Checkagem de recursos da aplicação,21791
Carga PGM,21914
Sincronismo Nomad,21921
Checkagem de recursos da aplicação,21801
Checkagem de recursos da aplicação,21806
Ajuste de Tela,21933
Checkagem de recursos da aplicação,21811
Escalado para o Fornecedor,21953
Escalado para o Fornecedor,21968
Sincronismo Nomad,21978
Sincronismo Nomad,22002
Sincronismo Nomad,22013
Falta de retorno do usuário,22024
Ajuste de perfil,22030
Sincronismo Nomad,22035
Ajuste de perfil,22046
Sincronismo Nomad,22055
Sincronismo Nomad,22063
Correção de Cadastro,22079
Ajuste de perfil,22086
Sincronismo Nomad,22129
Sincronismo Nomad,22130
Carga Massiva,22139
Sincronismo Nomad,22148
Checkagem de recursos da aplicação,21813
Correção de Cadastro,22157
Chamado aberto indevidamente,22158
Checkagem de recursos da aplicação,21826
Checkagem de recursos da aplicação,21829
Checkagem de recursos da aplicação,21900
Falha de acesso,22163
Ajuste de perfil,22198
Checkagem de recursos da aplicação,21931
Checkagem de recursos da aplicação,21935
Sincronismo Nomad,22219
Checkagem de recursos da aplicação,22153
Sincronismo Nomad,22224
Ajuste de perfil,22227
Sincronismo Nomad,22237
Ajuste de perfil,22241
Orientação - Instrução ao usuário de como utilizar o módulo,22263
Ajuste de perfil,22264
Ajuste de Tela,22270
Sincronismo Nomad,22274
Carga PGM,22304
Orientação - Instrução ao usuário de como utilizar o módulo,22319
Carga Massiva,22323
Carga Massiva,22335
Ajuste de Tela,22346
Sincronismo Nomad,22349
Ajuste de perfil,22351
Sincronismo Nomad,22363
Correção de Cadastro,22364
Correção de Cadastro,22369
Orientação - Instrução ao usuário de como utilizar o módulo,22371
Orientação - Instrução ao usuário de como utilizar o módulo,22385
Checkagem de recursos da aplicação,22159
Orientação - Instrução ao usuário de como utilizar o módulo,22401
Orientação - Usuario Orientado como usar o modulo,22402
Usuário Orientado a Abrir IT Demand,22407
Usuário Orientado a Abrir IT Demand,22408
Sincronismo Nomad,22437
Delete de SS,22471
Checkagem de recursos da aplicação,22161
Orientação - Instrução ao usuário de como utilizar o módulo,22507
Orientação - Instrução ao usuário de como utilizar o módulo,22508
Correção de Cadastro,22509
Sincronismo Nomad,22515
Time Out,22532
Correção de Cadastro,22537
Sincronismo Nomad,22545
Ajuste de perfil,22548
Sincronismo Nomad,22555
Correção de Cadastro,22556
Checkagem de recursos da aplicação,22162
Falha de acesso,22563
Usuário Orientado a Abrir IT Demand,22566
Checkagem de recursos da aplicação,22221
Falha de acesso,22569
Chamado aberto indevidamente,22580
Sincronismo Nomad,22590
Correção de Cadastro,22627
Correção de Cadastro,22632
Correção de Cadastro,22633
Orientação - Instrução ao usuário de como utilizar o módulo,22634
Ajuste de Tela,22635
Correção de Cadastro,22638
Correção de Cadastro,22642
Sincronismo Nomad,22644
Ajuste de perfil,22647
Correção de Cadastro,22648
Correção de Cadastro,22649
Sincronismo Nomad,22655
Criação de Acesso,22689
Orientação - Usuario Orientado como usar o modulo,22691
Orientação - Instrução ao usuário de como utilizar o módulo,22694
Orientação - Instrução ao usuário de como utilizar o módulo,22696
Orientação - Instrução ao usuário de como utilizar o módulo,22701
Orientação - Instrução ao usuário de como utilizar o módulo,22707
Sincronismo Nomad,22708
Orientação - Usuario Orientado como usar o modulo,22712
Ajuste de Tela,22718
Carga Massiva,22729
Criação de Acesso,22730
Carga Massiva,22732
Orientação - Instrução ao usuário de como utilizar o módulo,22733
Orientação - Usuario Orientado como usar o modulo,22747
Escalado para o Fornecedor,22748
Orientação - Instrução ao usuário de como utilizar o módulo,22749
Sincronismo Nomad,22752
Carga Massiva,22761
Sincronismo Nomad,22793
Checkagem de recursos da aplicação,22386
Ajuste de relatorio,22804
Orientação - Instrução ao usuário de como utilizar o módulo,22805
Usuário Orientado a Abrir IT Demand,22806
Usuário Orientado a Abrir IT Demand,22808
Orientação - Usuario Orientado como usar o modulo,22841
Correção de Cadastro,22862
Delete de SS,22880
Delete de SS,22881
Ajuste de perfil,22885
Checkagem de recursos da aplicação,22497
Ajuste de perfil,22892
Ajuste de Tela,22894
Orientação - Usuario Orientado como usar o modulo,22910
Ajuste de perfil,22916
Carga Massiva,22935
Escalado para o Fornecedor,22938
Orientação - Mudança de Status OS/SS/Equipamento,22943
Carga Massiva,22954
Escalado para o Fornecedor,22964
Ajuste de Tela,22976
Ajuste de perfil,22989
Ajuste de perfil,23003
Sincronismo Nomad,23032
Sincronismo Nomad,23049
Escalado para o Fornecedor,23051
Carga PGM,23053
Usuário Orientado a Abrir IT Demand,23059
Ajuste de Tela,23077
Ajuste de perfil,23079
Ajuste de perfil,23100
Escalado para o Fornecedor,23114
Sincronismo Nomad,23133
Falha de acesso,23136
Falta de retorno do usuário,23137
Correção de Cadastro,23138
Sincronismo Nomad,23139
Sincronismo Nomad,23140
Ajuste de perfil,23152
Carga PGM,23155
Checkagem de recursos da aplicação,22560
Sincronismo Nomad,23195
Escalado para o Fornecedor,23199
Sincronismo Nomad,23217
Ajuste de Tela,23238
Ajuste de Tela,23239
Orientação - Usuario Orientado como usar o modulo,23247
Correção de Cadastro,23248
Ajuste de Tela,23275
Ajuste de perfil,23291
Ajuste de perfil,23307
Orientação - Instrução ao usuário de como utilizar o módulo,23314
Falha de acesso,23338
Orientação - Usuario Orientado como usar o modulo,23360
Correção de Cadastro,23371
Sincronismo Nomad,23376
Ajuste de Tela,23384
Correção de Cadastro,23408
Correção de Cadastro,23419
Carga Massiva,23431
Escalado para Infra,23432
Escalado para Infra,23433
Ajuste de Tela,23437
Orientação - Instrução ao usuário de como utilizar o módulo,23438
Escalado para o Fornecedor,23444
Sincronismo Nomad,23459
Correção de Cadastro,23472
Ajuste de Tela,23489
Ajuste de Tela,23490
Orientação - Instrução ao usuário de como utilizar o módulo,23502
Escalado para o Fornecedor,23523
Orientação - Instrução ao usuário de como utilizar o módulo,23524
Carga PGM,23541
Carga Massiva,23555
Correção de Cadastro,23558
Correção de Cadastro,23559
Carga PGM,23568
Ajuste de perfil,23606
Correção de Cadastro,23617
Carga PGM,23619
Ajuste de WorkFlow,23670
Ajuste de Tela,23672
Ajuste de Tela,23676
Sincronismo Nomad,23681
Carga Massiva,23691
Escalado para o Fornecedor,23700
Ajuste de perfil,23701
Ajuste de perfil,23718
Ajuste de perfil,23719
Carga PGM,23745
Sincronismo Nomad,23755
Sincronismo Nomad,23756
Sincronismo Nomad,23758
Sincronismo Nomad,23759
Sincronismo Nomad,23760
Criação de Acesso,23761
Sincronismo Nomad,23762
Sincronismo Nomad,23764
Sincronismo Nomad,23768
Sincronismo Nomad,23781
Sincronismo Nomad,23785
Carga PGM,23788
Sincronismo Nomad,23798
Sincronismo Nomad,23802
Orientação - Instrução ao usuário de como utilizar o módulo,23809
Orientação - Usuario Orientado como usar o modulo,23818
Carga PGM,23830
Orientação - Usuario Orientado como usar o modulo,23845
Sincronismo Nomad,23871
Orientação - Instrução ao usuário de como utilizar o módulo,23873
Escalado para o Fornecedor,23877
Ajuste de perfil,23896
Correção de Cadastro,23899
Ajuste de perfil,23904
Correção de Cadastro,23907
Carga PGM,23910
Carga PGM,23911
Correção de Cadastro,23916
Sincronismo Nomad,23935
Sincronismo Nomad,23936
Orientação - Instrução ao usuário de como utilizar o módulo,23940
Sincronismo Nomad,23976
Ajuste de Tela,23994
Ajuste de Tela,24011
Correção de Cadastro,24012
Correção de Cadastro,24013
Carga Massiva,24036
Ajuste de perfil,24038
Ajuste de Filtro - Padrão Grupo Predefinido,24075
Ajuste de Filtro - Padrão Grupo Predefinido,24076
Carga Massiva,24077
Carga PGM,24081
Ajuste de perfil,24121
Ajuste de Tela,24122
Ajuste de perfil,24127
Correção de Cadastro,24145
Ajuste de perfil,24146
Correção de Cadastro,24148
Correção de Cadastro,24155
Falha de acesso,24173
Carga PGM,24175
Sincronismo Nomad,24184
Correção de Cadastro,24194
Falha de acesso,24195
Ajuste de Tela,24218
Sincronismo Nomad,24231
Ajuste de perfil,24232
Carga PGM,24249
Carga Massiva,24281
Ajuste de Filtro - Padrão Grupo Predefinido,24308
Ajuste de Tela,24321
Escalado para o Fornecedor,24341
Carga PGM,24360
Sincronismo Nomad,24374
Falta de retorno do usuário,24379
Ajuste de perfil,24388
Sincronismo Nomad,24393
Criação de Acesso,24411
Orientação - Instrução ao usuário de como utilizar o módulo,24412
Restaurar backup para recuperação de arquivo,24413
Criação de Acesso,24414
Criação de Acesso,24423
Falha de acesso,24445
Criação de Acesso,24454
Sincronismo Nomad,24456
Sincronismo Nomad,24470
Carga PGM,24511
Sincronismo Nomad,24514
Sincronismo Nomad,24515
Carga PGM,24517
Sincronismo Nomad,24528
Ajuste de perfil,24551
Orientação - Usuario Orientado como usar o modulo,24592
Sincronismo Nomad,24628
Carga PGM,24658
Carga PGM,24659
Ajuste de perfil,24663
Orientação - Instrução ao usuário de como utilizar o módulo,24664
Escalado para Infra,24670
Sincronismo Nomad,24708
Carga Massiva,24726
Criação de Acesso,24732
Sincronismo Nomad,24745
Sincronismo Nomad,24770
Ajuste de Filtro - Padrão Grupo Predefinido,24796
Criação de Acesso,24817
Correção de Cadastro,24826
Correção de Cadastro,24854
Ajuste de perfil,24878
Ajuste de Tela,24884
Ajuste de perfil,24902
Ajuste de perfil,24904
Ajuste de perfil,24912
Ajuste de Tela,24927
Ajuste de Tela,24932
Sincronismo Nomad,24933
Sincronismo Nomad,24935
Sincronismo Nomad,24936
Sincronismo Nomad,24938
Carga PGM,24959
Orientação - Instrução ao usuário de como utilizar o módulo,24965
Orientação - Instrução ao usuário de como utilizar o módulo,24972
Orientação - Usuario Orientado como usar o modulo,24974
Orientação - Instrução ao usuário de como utilizar o módulo,25008
Orientação - Usuario Orientado como usar o modulo,25046
Ajuste de perfil,25050
Chamado aberto indevidamente,25055
Carga PGM,25102
Orientação - Usuario Orientado como usar o modulo,25109
Sincronismo Nomad,25145
Ajuste de perfil,25150
Carga PGM,25179
Carga PGM,25186
Escalado para o Fornecedor,25194
Correção de Cadastro,25206
Correção de Cadastro,25212
Carga PGM,25214
Ajuste de Tela,25220
Sincronismo Nomad,25226
Carga PGM,25260
Ajuste de perfil,25288
Orientação - Usuario Orientado como usar o modulo,25296
Orientação - Instrução ao usuário de como utilizar o módulo,25356
Criação de Acesso,25358
Ajuste de Filtro - Padrão Grupo Predefinido,25370
Orientação - Instrução ao usuário de como utilizar o módulo,25386
Delete de SS,25408
Correção de Cadastro,25414
Orientação - Instrução ao usuário de como utilizar o módulo,25430
Ajuste de parâmetro do sistema,25432
Sincronismo Nomad,25435
Criação de Acesso,25438
Carga PGM,25448
Ajuste de perfil,25463
Criação de Acesso,25469
Ajuste de Tela,25515
Orientação - Instrução ao usuário de como utilizar o módulo,25535
Ajuste de perfil,25546
Orientação - Instrução ao usuário de como utilizar o módulo,25609
Orientação - Instrução ao usuário de como utilizar o módulo,25617
Sincronismo Nomad,25630
Chamado aberto indevidamente,25633
Ajuste de perfil,25638
Ajuste de Filtro - Padrão Grupo Predefinido,25640
Criação de Acesso - Crystal Report,25647
Correção de Cadastro,25661
Checkagem de recursos da aplicação,22568
Orientação - Usuario Orientado como usar o modulo,25760
Ajuste de perfil,25774
Correção de Cadastro,25779
Orientação - Instrução ao usuário de como utilizar o módulo,25786
Carga PGM,25794
Carga PGM,25799
Sincronismo Nomad,25840
Correção de Cadastro,25849
Carga PGM,25873
Ajuste de Tela,25876
Carga PGM,25885
Reinicio de serviço - Wildfly,25892
Checkagem de recursos da aplicação,25893
Carga PGM,25934
Orientação - Instrução ao usuário de como utilizar o módulo,25967
Correção de Cadastro,26004
Carga PGM,26019
Delete de SS,26042
Correção de Cadastro,26059
Carga Massiva,26070
Orientação - Instrução ao usuário de como utilizar o módulo,26092
Orientação - Usuario Orientado como usar o modulo,26093
Orientação - Instrução ao usuário de como utilizar o módulo,26100
Checkagem de recursos da aplicação,22795
Ajuste de Tela,26161
Orientação - Usuario Orientado como usar o modulo,26189
Falha de acesso,26190
Correção de Cadastro,26205
Ajuste de perfil,26259
Carga Massiva,26260
Orientação - Usuario orientado de como Logar,26261
Escalado para Infra,26269
Carga PGM,26270
Ajuste de perfil,26298
Chamado aberto indevidamente,26309
Escalado para o Fornecedor,26342
Carga PGM,26367
Ajuste de perfil,26393
Escalado para Infra,26400
Carga PGM,26401
Escalado para Infra,26423
Ajuste de perfil,26425
Ajuste de perfil,26439
Escalado para Infra,26442
Orientação - Usuario Orientado como usar o modulo,26446
Ajuste de perfil,26499
Ajuste de Tela,26534
Ajuste de perfil,26539
Ajuste de Tela,26543
Ajuste de perfil,26553
Carga PGM,26601
Ajuste de perfil,26611
Ajuste de perfil,26622
Carga Massiva,26644
Sincronismo Nomad,26683
Carga PGM,26722
Carga PGM,26780
Ajuste de perfil,26836
Correção de Cadastro,26852
Criação de Acesso,26862
Chamado aberto indevidamente,26882
Criação de Acesso,26883
Criação de Acesso,26884
Sincronismo Nomad,26885
Ajuste de Tela,26893
Orientação - Usuario Orientado como usar o modulo,26913
Sincronismo Nomad,26940
Sincronismo Nomad,26942
Ajuste de perfil,27018
Carga Massiva,27025
Carga Massiva,27062
Carga PGM,27077
Carga PGM,27098
Criação de Acesso,27108
Orientação - Mudança de Status OS/SS/Equipamento,27125
Ajuste de perfil,27133
Escalado para o Fornecedor,27141
Carga PGM,27166
Ajuste de Tela,27215
Carga PGM,27219
Usuário Orientado a Abrir IT Demand,27220
Chamado aberto indevidamente,27312
Sincronismo Nomad,27362
Orientação - Usuario Orientado como usar o modulo,27363
Checkagem de recursos da aplicação,22888
Correção de Cadastro,27369
Delete de SS,27378
Correção de Cadastro,27381
Orientação - Instrução ao usuário de como utilizar o módulo,27382
Correção de Cadastro,27418
Correção de Cadastro,27428
Sincronismo Nomad,27436
Ajuste de Tela,27442
Sincronismo Nomad,27482
Sincronismo Nomad,27483
Carga PGM,27575
Ajuste de perfil,27585
Carga Massiva,27586
Sincronismo Nomad,27628
Correção de Cadastro,27640
Correção de Cadastro,27641
Orientação - Instrução ao usuário de como utilizar o módulo,27713
Orientação - Instrução ao usuário de como utilizar o módulo,27721
Orientação - Instrução ao usuário de como utilizar o módulo,27724
Carga PGM,27744
Carga PGM,27752
Sincronismo Nomad,27757
Usuário Orientado a Abrir IT Demand,27769
Checkagem de recursos da aplicação,23188
Falta de retorno do usuário,27830
Usuário Orientado a Abrir IT Demand,27858
Usuário Orientado a Abrir IT Demand,27860
Carga PGM,27871
Orientação - Instrução ao usuário de como utilizar o módulo,27944
Escalado para a equipe de suporte assistido,27979
Usuário Orientado a Abrir IT Demand,27989
Checkagem de recursos da aplicação,27992
Sincronismo Nomad,28036
Escalado para a equipe de suporte assistido,28049
Escalado para a equipe de suporte assistido,28058
Escalado para a equipe de suporte assistido,28060
Escalado para a equipe de suporte assistido,28061
Escalado para a equipe de suporte assistido,28062
Escalado para a equipe de suporte assistido,28063
Escalado para a equipe de suporte assistido,28064
Usuário Orientado a Abrir IT Demand,28067
Falta de retorno do usuário,28074
Checkagem de recursos da aplicação,25733
Correção de Cadastro,28083
Carga Massiva,28087
Checkagem de recursos da aplicação,26122
Correção de Cadastro,28139
Sincronismo Nomad,28150
Orientação - Instrução ao usuário de como utilizar o módulo,28151
Orientação - Instrução ao usuário de como utilizar o módulo,28155
Ajuste de perfil,28162
Usuário Orientado a Abrir IT Demand,28168
Escalado para a equipe de suporte assistido,28169
Orientação - Instrução ao usuário de como utilizar o módulo,28170
Carga PGM,28171
Checkagem de recursos da aplicação,27364
Checkagem de recursos da aplicação,27801
Orientação - Mudança de Status OS/SS/Equipamento,28310
Ajuste de perfil,28316
Checkagem de recursos da aplicação,28075
Escalado para o Fornecedor,28335
Orientação - Instrução ao usuário de como utilizar o módulo,28346
Checkagem de recursos da aplicação,28107
Escalado para o Fornecedor,28387
Orientação - Usuario Orientado como usar o modulo,28390
Carga PGM,28436
Ajuste de perfil,28467
Correção de Cadastro,28472
Carga PGM,28475
Carga PGM,28485
Checkagem de recursos da aplicação,28499
Orientação - Usuario Orientado como usar o modulo,28514
Carga PGM,28537
Orientação - Instrução ao usuário de como utilizar o módulo,28561
Correção de Cadastro,28565
Escalado para a equipe de suporte assistido,28576
Carga PGM,28596
Carga PGM,28648
Chamado aberto indevidamente,28677
Ajuste de Tela,28767
Orientação - Usuario Orientado como usar o modulo,28805
Chamado aberto indevidamente,28824
Correção de Cadastro,28825
Sincronismo Nomad,28826
Carga Massiva,28837
Ajuste de Filtro - Padrão Grupo Predefinido,28845
Carga PGM,28847
Checkagem de recursos da aplicação,28863
Orientação - Instrução ao usuário de como utilizar o módulo,28875
Checkagem de recursos da aplicação,28229
Carga PGM,28891
Carga PGM,28892
Carga PGM,28908
Carga PGM,28914
Carga PGM,28939
Sincronismo Nomad,28965
Orientação - Usuario Orientado como usar o modulo,28968
Orientação - Usuario Orientado como usar o modulo,28971
Delete de SS,28974
Escalado para o Fornecedor,28980
Ajuste de perfil,28983
Escalado para o Fornecedor,28988
Sincronismo Nomad,28990
Chamado aberto indevidamente,28997
Falha de acesso,29017
Correção de Cadastro,29023
Orientação - Instrução ao usuário de como utilizar o módulo,29026
Correção de Cadastro,29047
Orientação - Instrução ao usuário de como utilizar o módulo,29060
Ajuste de perfil,29065
Checkagem de recursos da aplicação,28235
Escalado para o Fornecedor,29115
Orientação - Instrução ao usuário de como utilizar o módulo,29127
Ajuste de perfil,29153
Ajuste de perfil,29194
Carga Massiva,29215
Sincronismo Nomad,29226
Orientação - Usuario Orientado como usar o modulo,29227
Correção de Cadastro,29273
Correção de Cadastro,29274
Carga PGM,29290
Usuário Orientado a Abrir IT Demand,29306
Criação de Acesso,29337
Sincronismo Nomad,29350
Ajuste de perfil,29362
Falta de retorno do usuário,29415
Correção de Cadastro,29437
Correção de Cadastro,29438
Ajuste de relatorio,29456
Carga PGM,29459
Carga PGM,29474
Chamado aberto indevidamente,29485
Orientação - Usuario Orientado como usar o modulo,29486
Falha de acesso,29523
Carga PGM,29531
Ajuste de Tela,29532
Carga PGM,29540
Carga PGM,29542
Correção de Cadastro,29554
Escalado para o Fornecedor,29581
Carga PGM,29637
Carga PGM,29674
Carga PGM,29724
Carga PGM,29731
Ajuste de perfil,29752
Ajuste de perfil,29753
Escalado para o Fornecedor,29755
Ajuste de perfil,29756
Escalado para o Fornecedor,29757
Carga PGM,29787
Checkagem de recursos da aplicação,28328
Orientação - Instrução ao usuário de como utilizar o módulo,29838
Carga Massiva,29852
Carga PGM,29930
Ajuste de Delegação - Ferias,29966
Escalado para Infra,29972
Orientação - Usuario Orientado como usar o modulo,30022
Ajuste de Tela,30066
Usuário Orientado a Abrir IT Demand,30068
Escalado para o Fornecedor,30093
Orientação - Mudança de Status OS/SS/Equipamento,30140
Checkagem de recursos da aplicação,28363
Falha de acesso,30192
Carga PGM,30212
Correção de Cadastro,30213
Delete de SS,30232
Orientação - Usuario Orientado como usar o modulo,30236
Usuário Orientado a Abrir IT Demand,30291
Orientação - Instrução ao usuário de como utilizar o módulo,30300
Usuário Orientado a Abrir IT Demand,30304
Carga Massiva,30411
Usuário Orientado a Abrir IT Demand,30445
Checkagem de recursos da aplicação,28881
Ajuste de Filtro - Padrão Grupo Predefinido,30481
Correção de Cadastro,30490
Correção de Cadastro,30491
Correção de Cadastro,30494
Correção de Cadastro,30507
Ajuste de perfil,30515
Ajuste de Filtro - Padrão Grupo Predefinido,30521
Delete de SS,30570
Escalado para Infra,30637
Correção de Cadastro,30669
Carga PGM,30678
Correção de Cadastro,30687
Ajuste de Filtro - Padrão Grupo Predefinido,30757
Correção de Cadastro,30806
Carga PGM,30819
Orientação - Usuario Orientado como usar o modulo,30831
Carga PGM,30834
Ajuste de perfil,30838
Carga PGM,30841
Carga PGM,30845
Ajuste de perfil,30871
Criação de Acesso,30881
Checkagem de recursos da aplicação,29106
Carga Massiva,31012
Orientação - Instrução ao usuário de como utilizar o módulo,31020
Ajuste de perfil,31135
Correção de Cadastro,31141
Orientação - Usuario Orientado como usar o modulo,31147
Orientação - Usuario Orientado como usar o modulo,31198
Ajuste de Tela,31304
Correção de Cadastro,31348
Ajuste de perfil,31363
Correção de Cadastro,31364
Carga PGM,31385
Sincronismo Nomad,31425
Orientação - Instrução ao usuário de como utilizar o módulo,31431
Carga PGM,31438
Carga PGM,31445
Falha de acesso,31449
Falha de acesso,31450
Orientação - Instrução ao usuário de como utilizar o módulo,31521
Falha de acesso,31645
Falha de acesso,31649
Correção de Cadastro,31657
Falha de acesso,31660
Correção de Cadastro,31668
Correção de Cadastro,31669
Correção de Cadastro,31670
Correção de Cadastro,31671
Orientação - Usuario Orientado como usar o modulo,31674
Falha de acesso,31684
Falha de acesso,31687
Falha de acesso,31690
Ajuste de parâmetro do sistema,31697
Ajuste de perfil,31699
Correção de Cadastro,31721
Ajuste de parâmetro do sistema,31724
Ajuste de perfil,31727
Falha de acesso,31737
Criação de Acesso,31772
Ajuste de perfil,31776
Correção de Cadastro,31778
Falha de acesso,31800
Ajuste de Tela,31820
Ajuste de parâmetro do sistema,31827
Ajuste de perfil,31841
Ajuste de Tela,31853
Ajuste de Status Massivo,31892
Carga PGM,31898
Orientação - Usuario Orientado como usar o modulo,31906
Escalado para o Fornecedor,31932
Carga PGM,31944
Carga PGM,31954
Criação de Acesso,31992
Chamado aberto indevidamente,32030
Escalado para o Fornecedor,32044
Carga PGM,32051
Orientação - Usuario Orientado como usar o modulo,32098
Falha de acesso,32186
Carga PGM,32189
Orientação de como utilizar filtros especialistas,32258
Orientação - Usuario Orientado como usar o modulo,32292
Carga PGM,32305
Criação de Acesso,32321
Carga PGM,32338
Criação de Acesso,32351
Orientação - Usuario Orientado como usar o modulo,32512
Carga PGM,32513
Ajuste de Tela,32520
Carga PGM,32535
Correção de Cadastro,32543
Escalado para Infra,32545
Delete de SS,32551
Ajuste de parâmetro do sistema,32569
Carga PGM,32585
Falha de acesso,32600
Correção de Cadastro,32680
Sincronismo Nomad,32746
Criação de Acesso,32774
Correção de Cadastro,32786
Orientação - Usuario Orientado como usar o modulo,32788
Ajuste de perfil,32789
Falta de retorno do usuário,32795
Correção de Cadastro,32841
Correção de Cadastro,32943
Orientação - Instrução ao usuário de como utilizar o módulo,32953
Orientação - Usuario Orientado como usar o modulo,32955
Carga Massiva,32976
Correção de Cadastro,32994
Correção de Cadastro,33012
Carga PGM,33102
Carga Massiva,33118
Orientação - Usuario Orientado como usar o modulo,33125
Chamado aberto indevidamente,33143
Carga PGM,33154
Chamado aberto indevidamente,33172
chamado aberto indevidamente,33191
Carga PGM,33263
Carga PGM,33269
Ajuste de parâmetro do sistema,33282
Ajuste de perfil,33312
Carga PGM,33327
Escalado para o Fornecedor,33332
Extração de dados,33342
Ajuste de perfil,33355
Carga PGM,33378
Carga PGM,33395
Falha de acesso,33403
Carga Massiva,33477
Ajuste de perfil,33482
Falha de acesso,33505
Carga PGM,33530
Criação de Acesso,33552
Ajuste de Tela,33555
Falha de acesso,33572
Orientação - Usuario Orientado como usar o modulo,33612
Carga PGM,33628
Correção de Cadastro,33678
Ajuste de perfil,33680
Ajuste de Delegação - Ferias,33730
Checkagem de recursos da aplicação,29836
Checkagem de recursos da aplicação,30141
Escalado para Infra,33751
Falha de acesso,33753
Escalado para Infra,33754
Carga PGM,33760
Ajuste de Tela,33801
Falha de acesso,33823
Ajuste de WorkFlow,33846
Orientação - Mudança de Status OS/SS/Equipamento,33860
Carga Massiva,33904
Sincronismo Nomad,33942
Orientação - Mudança de Status OS/SS/Equipamento,34005
Criação de Acesso,34026
Orientação - Usuario Orientado como usar o modulo,34058
Correção de Cadastro,34079
Ajuste de Workflow,34095
Chamado aberto indevidamente,34099
Falta de retorno do usuário,34129
Orientação - Usuario Orientado como usar o modulo,34136
Carga PGM,34139
Orientação - Mudança de Status OS/SS/Equipamento,34198
Delete de SS,34214
Correção de Cadastro,34215
Carga Massiva,34226
Carga Massiva,34265
Correção de Cadastro,34269
Ajuste de perfil,34280
Carga Massiva,34313
Carga Massiva,34315
Orientação - Usuario Orientado como usar o modulo,34329
Orientação - Instrução ao usuário de como utilizar o módulo,34344
Carga PGM,34349
Carga PGM,34352
Orientação - Instrução ao usuário de como utilizar o módulo,34367
Escalado para o Fornecedor,34411
Carga PGM,34438
Checkagem de recursos da aplicação,30453
Criação de Acesso,34461
Chamado aberto indevidamente,34462
Criação de Acesso,34464
Ajuste de perfil,34467
Carga PGM,34480
Carga PGM,34481
Carga PGM,34482
Carga PGM,34483
Carga PGM,34490
Ajuste de perfil,34493
Falha de acesso,34503
Escalado para o Fornecedor,34517
Correção de Cadastro,34785
Orientação - Instrução ao usuário de como utilizar o módulo,34809
Checkagem de recursos da aplicação,30983
Falha de acesso,34820
Falha de acesso,34829
Criação de Acesso,34867
Falha de acesso,34893
Escalado para Infra,34900
Falha de acesso,34903
Falha de acesso,34906
Carga PGM,34912
Carga PGM,34914
Escalado para o Fornecedor,34917
Ajuste de perfil,34930
Ajuste de perfil,34939
Checkagem de recursos da aplicação,33744
Correção de Cadastro,34960
Time Out,34996
Ajuste de perfil,35002
Falta de retorno do usuário,35018
Falha de acesso,35039
Carga PGM,35044
Carga PGM,35045
Correção de Cadastro,35064
Criação de Acesso,35080
Falta de retorno do usuário,35099
Carga PGM,35132
Correção de Cadastro,35162
Correção de Cadastro,35185
Correção de Cadastro,35208
Orientação - Instrução ao usuário de como utilizar o módulo,35223
Delete de SS,35225
Delete de SS,35226
Delete de SS,35227
Ajuste de perfil,35245
Orientação - Usuario Orientado como usar o modulo,35246
Carga PGM,35260
Carga Massiva,35285
Falha de acesso,35318
Checkagem de recursos da aplicação,33747
Ajuste de Tela,35335
Carga Massiva,35355
Carga PGM,35370
Correção de Cadastro,35377
Checkagem de recursos da aplicação,34456
Criação de Acesso,35433
Correção de Cadastro,35435
Escalado para o Fornecedor,35456
Falha de acesso,35462
Reinicio de serviço - Wildfly,35475
Checkagem de recursos da aplicação,34816
Correção de Cadastro,35478
Criação de Acesso,35480
Correção de Cadastro,35482
Checkagem de recursos da aplicação,34945
Correção de Cadastro,35485
Correção de Cadastro,35486
Ajuste de perfil,35502
Carga Massiva,35507
Carga Massiva,35508
Falha de acesso,35536
Orientação - Usuario Orientado como usar o modulo,35542
Correção de Cadastro,35547
Correção de Cadastro,35548
Orientação - Instrução ao usuário de como utilizar o módulo,35563
Reinicio do serviço de relatorios,35570
Carga PGM,35575
Ajuste de perfil,35585
Correção de Cadastro,35590
Escalado para a equipe de suporte assistido,35612
Sincronismo Nomad,35636
Correção de Cadastro,35637
Usuário Orientado a Abrir IT Demand,35653
Ajuste de perfil,35657
Carga Massiva,35661
Orientação - Instrução ao usuário de como utilizar o módulo,35662
Carga Massiva,35664
Carga Massiva,35665
Orientação - Instrução ao usuário de como utilizar o módulo,35666
Escalado para o Fornecedor,35669
Usuário Orientado a Abrir IT Demand,35675
Usuário Orientado a Abrir IT Demand,35698
Orientação - Usuario Orientado como usar o modulo,35706
Ajuste de perfil,35727
Falha de acesso,35747
Correção de Cadastro,35788
Falha de acesso,35798
Checkagem de recursos da aplicação,35321
Carga PGM,35804
Sincronismo Nomad,35814
Correção de Cadastro,35825
Correção de Cadastro,35839
Ajuste de Tela,35853
Carga Massiva,35912
Checkagem de recursos da aplicação,35924
Ajuste de Tela,35935
Checkagem de recursos da aplicação,35396
Chamado aberto indevidamente,35972
Carga PGM,35986
Carga PGM,35990
Ajuste de Tela,35991
Correção de Cadastro,36006
Usuário Orientado a Abrir IT Demand,36049
Carga Massiva,36062
Correção de Cadastro,36077
Sincronismo Nomad,36080
Carga Massiva,36082
Criação de Acesso,36084
Carga Massiva,36085
Ajuste de Filtro - Padrão Grupo Predefinido,36086
Escalado para Infra,36092
Checkagem de recursos da aplicação,35477
Checkagem de recursos da aplicação,35483
Falha de acesso,36130
Falha de acesso,36132
Checkagem de recursos da aplicação,36133
Falha de acesso,36134
Falha de acesso,36135
Checkagem de recursos da aplicação,35800
Checkagem de recursos da aplicação,35947
Falha de acesso,36138
Checkagem de recursos da aplicação,36128
Checkagem de recursos da aplicação,36129
Checkagem de recursos da aplicação,36136
Escalado para Infra,36143
Falha de acesso,36144
Escalado para Infra,36146
Checkagem de recursos da aplicação,36137
Correção de Cadastro,36148
Checkagem de recursos da aplicação,36139
Checkagem de recursos da aplicação,36141
Falha de acesso,36168
Carga Massiva,36180
Checkagem de recursos da aplicação,36142
Checkagem de recursos da aplicação,36147
Checkagem de recursos da aplicação,36156
Falha de acesso,36188
Checkagem de recursos da aplicação,36158
Carga PGM,36206
Carga PGM,36207
Falha de acesso,36224
Checkagem de recursos da aplicação,36240
Carga PGM,36306
Ajuste de Filtro - Padrão Grupo Predefinido,36326
Correção de Cadastro,36391
Ajuste de perfil,36396
Orientação - Usuario Orientado como usar o modulo,36399
Orientação - Usuario Orientado como usar o modulo,36401
Carga PGM,36445
Carga PGM,36446
Carga Massiva,36449
Carga Massiva,36450
Carga Massiva,36463
Escalado para Infra,36474
Correção de Cadastro,36475
Correção de Cadastro,36495
Ajuste de WorkFlow,36506
Orientação - Usuario Orientado como usar o modulo,36509
Problema de PGM na SI,36513
Escalado para Infra,36523
Orientação - Usuario Orientado como usar o modulo,36537
Correção de Cadastro,36548
Orientação - Usuario Orientado como usar o modulo,36553
Carga Massiva,36582
Ajuste de Tela,36590
Escalado para Infra,36599
Orientação - Usuario Orientado como usar o modulo,36604
Carga PGM,36608
Orientação - Usuario Orientado como usar o modulo,36626
Orientação - Instrução ao usuário de como utilizar o módulo,36637
Carga PGM,36647
Carga PGM,36648
Ajuste de perfil,36649
Ajuste de Filtro - Padrão Grupo Predefinido,36669
Carga Massiva,36686
Ajuste de perfil,36706
Ajuste de perfil,36738
Orientação - Usuario Orientado como usar o modulo,36751
Orientação - Usuario Orientado como usar o modulo,36775
Escalado para Infra,36833
Escalado para Infra,36834
Escalado para Infra,36835
Escalado para Infra,36850
Correção de Cadastro,36868
Carga Massiva,36872
Carga PGM,36874
Ajuste de Workflow,36881
Ajuste de parâmetro do sistema,36928
Carga PGM,36935
Criação de Acesso,36950
Correção de Cadastro,36995
Ajuste de perfil,37040
Ajuste de perfil,37041
Ajuste de perfil,37042
Ajuste de perfil,37043
Ajuste de perfil,37044
Ajuste de perfil,37049
Orientação - Usuario Orientado como usar o modulo,37059
Ajuste de perfil,37079
Ajuste de perfil,37082
Carga PGM,37084
Carga Massiva,37090
Ajuste de Status Massivo,37092
Correção de Cadastro,37094
Carga Massiva,37095
Carga Massiva,37119
Carga Massiva,37120
Ajuste de Tela,37199
Ajuste de perfil,37206
Carga PGM,37222
Carga PGM,37228
Carga Massiva,37261
Orientação - Usuario Orientado como usar o modulo,37285
Correção de Cadastro,37329
Usuário Orientado a Abrir IT Demand,37341
Orientação de como usar o navegador,37360
Escalado para o Fornecedor,37365
Carga PGM,37391
Reinicio de serviço - Wildfly,37406
Orientação - Usuario Orientado como usar o modulo,37450
Ajuste de perfil,37480
Cadastro de supervisor,37484
Correção de Cadastro,37485
Ajuste de perfil,37490
Correção de Cadastro,37494
Orientação - Usuario Orientado como usar o modulo,37496
Orientação - Instrução ao usuário de como utilizar o módulo,37499
Correção de Cadastro,37536
Correção de Cadastro,37538
Falha de acesso,37539
Correção de Cadastro,37541
Correção de Cadastro,37542
Correção de Cadastro,37543
Correção de Cadastro,37546
Orientação - Usuario Orientado como usar o modulo,37587
Orientação - Usuario Orientado como usar o modulo,37590
Correção de Cadastro,37592
Orientação - Usuario Orientado como usar o modulo,37628
Orientação - Instrução ao usuário de como utilizar o módulo,37655
Orientação - Usuario Orientado como usar o modulo,37685
Carga PGM,37692
Carga Massiva,37724
Carga PGM,37725
Carga PGM,37732
Orientação - Usuario Orientado como usar o modulo,37747
Carga PGM,37783
Carga PGM,37786
Ajuste de perfil,37803
Orientação - Instrução ao usuário de como utilizar o módulo,37814
Orientação de como usar o navegador,37836
Checkagem de recursos da aplicação,36182
Checkagem de recursos da aplicação,36183
Checkagem de recursos da aplicação,36184
Carga PGM,37862
Orientação - Instrução ao usuário de como utilizar o módulo,37866
Carga PGM,37889
Orientação - Usuario Orientado como usar o modulo,37930
Extração de dados,37945
Correção de Cadastro,37947
Correção de Cadastro,37969
Orientação - Instrução ao usuário de como utilizar o módulo,37994
Correção de Cadastro,37997
Orientação - Usuario Orientado como usar o modulo,38000
Carga PGM,38008
Orientação - Usuario Orientado como usar o modulo,38011
Correção de Cadastro,38030
Carga PGM,38033
Ajuste de perfil,38050
Ajuste de perfil,38060
Correção de Cadastro,38064
Delete de Ss,38085
Orientação - Usuario Orientado como usar o modulo,38096
Criação de Acesso,38100
Carga PGM,38147
Carga PGM,38148
Ajuste de perfil,38164
Delete de Ss,38189
Carga PGM,38214
Carga PGM,38215
Orientação - Instrução ao usuário de como utilizar o módulo,38233
Correção de Cadastro,38259
Orientação - Instrução ao usuário de como utilizar o módulo,38270
Sincronismo Nomad,38271
Ajuste de Tela,38272
Carga Massiva,38296
Usuário Orientado a Abrir IT Demand,38329
Carga Massiva,38337
Orientação - Instrução ao usuário de como utilizar o módulo,38370
Carga PGM,38373
Carga PGM,38378
Escalado para o Fornecedor,38389
Sincronismo Nomad,38407
Orientação - Instrução ao usuário de como utilizar o módulo,38409
Orientação - Instrução ao usuário de como utilizar o módulo,38410
Ajuste de perfil,38489
Sincronismo Nomad,38506
Escalado para Infra,38508
Ajuste de perfil,38567
Correção de Cadastro,38596
Carga PGM,38597
Ajuste de perfil,38603
Ajuste de perfil,38605
Usuário Orientado a Abrir IT Demand,38609
Carga Massiva,38617
Delete de Ss,38633
Chamado aberto indevidamente,38638
Carga Massiva,38642
Orientação - Mudança de Status OS/SS/Equipamento,38658
Criação de Acesso,38674
Carga PGM,38692
Ajuste de Tela,38709
Ajuste de perfil,38727
Escalado para o Fornecedor,38744
Correção de Cadastro,38766
Falta de retorno do usuário,38779
Ajuste de Workflow,38785
Carga PGM,38790
Correção de Cadastro,38815
Orientação - Instrução ao usuário de como utilizar o módulo,38832
Orientação - Instrução ao usuário de como utilizar o módulo,38834
Escalado para o Fornecedor,38838
Ajuste de perfil,38844
Ajuste de perfil,38855
Delete de Ss,38870
Ajuste de Filtro - Padrão Grupo Predefinido,38872
Checkagem de recursos da aplicação,36189
Falha de acesso,38876
Carga PGM,38881
Checkagem de recursos da aplicação,37846
Checkagem de recursos da aplicação,38901
Carga Massiva,38912
Orientação - Usuario Orientado como usar o modulo,38939
Carga PGM,38983
Carga PGM,38986
Carga Massiva,38988
Carga Massiva,38991
Carga Massiva,39000
Ajuste de perfil,39066
Correção de Cadastro,39081
Falta de retorno do usuário,39094
Delete de Ss,39149
Carga PGM,39156
Carga Massiva,39199
Ajuste de perfil,39202
Carga Massiva,39210
Criação de Acesso,39213
Ajuste de Relatorio,39239
Carga Massiva,39271
Ajuste de perfil,39274
Carga PGM,39275
Carga PGM,39277
Criação de Acesso,39293
Carga Massiva,39298
Ajuste de perfil,39328
Correção de Cadastro,39385
Ajuste de parâmetro do sistema,39396
Correção de Cadastro,39399
Carga PGM,39406
Orientação - Instrução ao usuário de como utilizar o módulo,39426
Correção de Cadastro,39429
Checkagem de recursos da aplicação,37847
Escalado para o Fornecedor,39481
Escalado para o Fornecedor,39494
Escalado para o Fornecedor,39541
Escalado para o Fornecedor,39543
Orientação - Mudança de Status OS/SS/Equipamento,39591
Carga PGM,39632
Carga PGM,39634
Carga PGM,39635
Correção de Cadastro,39637
Ajuste de perfil,39685
Correção de Cadastro,39764
Correção de Cadastro,39765
Correção de Cadastro,39770
Orientação - Usuario Orientado como usar o modulo,39775
Checkagem de recursos da aplicação,38874
Ajuste de perfil,39846
Carga Massiva,39855
carga massiva,39879
Ajuste de Tela,39883
Carga PGM,39923
Carga PGM,39924
Carga PGM,39949
Correção de Cadastro,39967
Restaurar backup para recuperação de arquivo,39975
Ajuste de Tela,39999
Ajuste de Tela,40000
Ajuste de perfil,40001
Time Out,40019
Carga PGM,40029
Carga Massiva,40038
Correção de Cadastro,40039
Ajuste de perfil,40041
Correção de Cadastro,40045
Carga PGM,40060
Orientação - Mudança de Status OS/SS/Equipamento,40081
Chamado aberto indevidamente,40082
Orientação - Usuario Orientado como usar o modulo,40087
Orientação - Mudança de Status OS/SS/Equipamento,40096
Escalado para o Fornecedor,40104
Sincronismo Nomad,40133
Limpeza de Cache,40157
Orientação - Usuario Orientado como usar o modulo,40160
Carga PGM,40168
Correção de Cadastro,40203
Orientação - Mudança de Status OS/SS/Equipamento,40208
Orientação - Mudança de Status OS/SS/Equipamento,40214
Orientação - Usuario Orientado como usar o modulo,40215
Ajuste de perfil,40243
Correção de Cadastro,40303
Correção de Cadastro,40343
Orientação - Usuario Orientado como usar o modulo,40356
Ajuste de Workflow,40362
Correção de Cadastro,40386
Carga PGM,40391
Carga PGM,40392
Orientação - Instrução ao usuário de como utilizar o módulo,40405
Orientação - Instrução ao usuário de como utilizar o módulo,40411
Escalado para o Fornecedor,40420
Ajuste de Tela,40440
Ajuste de Tela,40445
Ajuste de Tela,40449
Carga PGM,40459
Carga PGM,40460
Orientação - Usuario Orientado como usar o modulo,40471
Correção de Cadastro,40515
Orientação - Instrução ao usuário de como utilizar o módulo,40532
Carga PGM,40542
Carga Massiva,40560
Escalado para o Fornecedor,40562
Carga PGM,40567
Carga PGM,40583
Correção de Cadastro,40608
Carga PGM,40615
Reinicio de serviço webdav,40628
Carga PGM,40629
Carga PGM,40631
Correção de Cadastro,40640
Orientação - Usuario Orientado como usar o modulo,40661
Escalado para o Fornecedor,40666
Carga PGM,40672
Carga PGM,40673
Chamado aberto indevidamente,40683
Correção de Cadastro,40686
Ajuste de perfil,40708
Ajuste de Tela,40710
Falta de retorno do usuário,40721
Chamado aberto indevidamente,40730
Equalização de base,40735
Orientação - Usuario Orientado como usar o modulo,40751
Orientação - Usuario Orientado como usar o modulo,40771
Checkagem de recursos da aplicação,38896
Usuário Orientado a Abrir IT Demand,40836
Carga PGM,40847
Carga Massiva,40848
Orientação - Mudança de Status OS/SS/Equipamento,40925
Carga Massiva,40945
Limpeza de Cache,40963
Carga PGM,40964
Carga PGM,41008
Carga PGM,41009
Carga PGM,41013
Orientação - Usuario Orientado como usar o modulo,41014
Carga Massiva,41019
Checkagem de recursos da aplicação,41044
Carga PGM,41052
Orientação - Usuario Orientado como usar o modulo,41072
Ajuste de Tela,41073
Orientação - Usuario Orientado como usar o modulo,41076
Checkagem de recursos da aplicação,41084
Orientação - Instrução ao usuário de como utilizar o módulo,41108
Checkagem de recursos da aplicação,39465
Orientação - Usuario Orientado como usar o modulo,41118
Orientação - Instrução ao usuário de como utilizar o módulo,41129
Checkagem de recursos da aplicação,41136
Chamado aberto indevidamente,41151
Orientação - Instrução ao usuário de como utilizar o módulo,41157
Carga PGM,41179
Ajuste de perfil,41235
Carga PGM,41240
Checkagem de recursos da aplicação,41248
Orientação - Usuario Orientado como usar o modulo,41258
Carga Massiva,41315
Criação de Acesso,41353
Falha de acesso,41354
Carga PGM,41369
Checkagem de recursos da aplicação,39827
Falha de acesso,41441
Carga PGM,41443
Extração de dados,41459
Orientação - Instrução ao usuário de como utilizar o módulo,41461
Carga PGM,41486
Correção de Cadastro,41495
Criação de Acesso,41520
Correção de Cadastro,41539
Orientação - Usuario Orientado como usar o modulo,41543
Sincronismo Nomad,41566
Ajuste de perfil,41570
Escalado para o Fornecedor,41576
Sincronismo Nomad,41577
Carga PGM,41580
Carga PGM,41598
Ajuste de Status Massivo,41604
Limpeza de Cache,41612
Correção de Cadastro,41614
Correção de Cadastro,41615
Correção de Cadastro,41619
Ajuste de Status Massivo,41645
Sincronismo Nomad,41662
Checkagem de recursos da aplicação,40792
Carga PGM,41684
Carga PGM,41699
Limpeza de Cache,41703
Ajuste de Workflow,41732
Sincronismo Nomad,41750
Carga PGM,41762
Carga PGM,41764
Carga PGM,41773
Correção de Cadastro,41775
Carga PGM,41782
Orientação - Instrução ao usuário de como utilizar o módulo,41783
Escalado para o Fornecedor,41823
Carga PGM,41845
Chamado aberto indevidamente,41859
Carga PGM,41889
Sincronismo Nomad,41904
Carga PGM,41906
Orientação - Usuario Orientado como usar o modulo,41908
Correção de Cadastro,41947
Carga Massiva,41973
Correção de Cadastro,41987
Time Out,41992
Time Out,41997
Ajuste de Workflow,42044
Escalado para o Fornecedor,42070
Carga PGM,42090
Carga PGM,42092
Carga PGM,42093
Carga PGM,42094
Escalado para o Fornecedor,42103
Carga PGM,42105
Carga PGM,42106
Correção de Cadastro,42114
Carga PGM,42115
Carga PGM,42116
Carga PGM,42117
Carga PGM,42118
Carga PGM,42120
Carga PGM,42121
Carga PGM,42125
Ajuste de parâmetro do sistema,42139
Carga PGM,42146
Carga PGM,42147
Carga PGM,42148
Carga PGM,42149
Correção de Cadastro,42150
Correção de Cadastro,42152
Orientação - Mudança de Status OS/SS/Equipamento,42154
Ajuste de perfil,42161
Carga PGM,42169
Orientação - Usuario Orientado como usar o modulo,42174
Carga Massiva,42186
Carga PGM,42254
Ajuste de Workflow,42274
Carga PGM,42298
Correção de Cadastro,42309
Correção de Cadastro,42310
Carga PGM,42311
Carga PGM,42315
Carga PGM,42316
Carga PGM,42317
Carga PGM,42318
Carga PGM,42319
Carga PGM,42320
Carga PGM,42321
Carga PGM,42322
Carga PGM,42323
Carga PGM,42324
Carga PGM,42325
Carga PGM,42326
Correção de Cadastro,42327
Carga Massiva,42331
Carga Massiva,42350
Delete de SS,42354
Chamado aberto indevidamente,42404
Orientação - Mudança de Status OS/SS/Equipamento,42413
Orientação - Mudança de Status OS/SS/Equipamento,42447
Orientação - Instrução ao usuário de como utilizar o módulo,42451
Carga PGM,42491
Ajuste de perfil,42495
Carga PGM,42512
Carga PGM,42513
Carga PGM,42515
Limpeza de Cache,42521
Carga PGM,42540
Carga PGM,42545
Carga PGM,42576
Carga PGM,42578
Carga PGM,42579
Carga PGM,42580
Falha de acesso,42597
Correção de Cadastro,42636
Falha de acesso,42637
Correção de Cadastro,42638
Carga PGM,42658
Escalado para Infra,42659
Correção de Cadastro,42693
Carga PGM,42707
Ajuste de perfil,42730
Orientação - Usuario Orientado como usar o modulo,42736
Ajuste de perfil,42762
Ajuste de perfil,42846
Correção de Cadastro,42987
Carga PGM,43013
Orientação - Instrução ao usuário de como utilizar o módulo,43019
Correção de Cadastro,43020
Orientação - Usuario Orientado como usar o modulo,43113
Orientação - Instrução ao usuário de como utilizar o módulo,43160
Orientação - Mudança de Status OS/SS/Equipamento,43182
Carga PGM,43198
Carga PGM,43199
Carga PGM,43227
Orientação - Usuario Orientado como usar o modulo,43335
Carga PGM,43397
Chamado aberto indevidamente,43401
Carga PGM,43412
Correção de Cadastro,43524
Correção de Cadastro,43525
Correção de Cadastro,43526
Orientação - Instrução ao usuário de como utilizar o módulo,43527
Orientação - Usuario Orientado como usar o modulo,43536
Ajuste de perfil,43588
Ajuste de perfil,43589
Ajuste de perfil,43605
Carga Massiva,43641
Ajuste de perfil,43717
Checkagem de recursos da aplicação,41115
Orientação - Instrução ao usuário de como utilizar o módulo,43786
Ajuste de perfil,43801
Ajuste de perfil,43804
Correção de Cadastro,43827
Correção de Cadastro,43833
Carga Massiva,43839
Carga PGM,43864
Orientação - Instrução ao usuário de como utilizar o módulo,43910
Carga Massiva,43936
Usuário Orientado a Abrir IT Demand,44026
Escalado para o Fornecedor,44068
Carga PGM,44106
Sincronismo Nomad,44130
Orientação - Usuario Orientado como usar o modulo,44181
Carga PGM,44217
Carga PGM,44279
Carga PGM,44347
Orientação - Usuario Orientado como usar o modulo,44355
Ajuste de Tela,44402
Orientação - Usuario Orientado como usar o modulo,44411
Carga PGM,44422
Orientação - Usuario Orientado como usar o modulo,44507
Carga PGM,44526
Carga PGM,44527
Ajuste de perfil,44585
Ajuste de Workflow,44604
Delete de SS,44626
Ajuste de Workflow,44628
Carga PGM,44646
Orientação - Instrução ao usuário de como utilizar o módulo,44675
Carga PGM,44678
Carga PGM,44708
Correção de Cadastro,44710
Carga PGM,44804
Carga PGM,44806
Orientação - Usuario Orientado como usar o modulo,44812
Orientação - Usuario Orientado como usar o modulo,44894
Aplicação de patch,44922
Ajuste de perfil,44958
Carga PGM,44959
Carga PGM,44961
Carga PGM,44975
Carga Massiva,44977
Ajuste de Filtro - Padrão Grupo Predefinido,44998
Falha de acesso,45000
Carga PGM,45006
Ajuste de perfil,45022
Ajuste de perfil,45023
Carga PGM,45034
Delete de SS,45072
Correção de Cadastro,45095
Correção de Cadastro,45096
Correção de Cadastro,45097
Ajuste de relatorio,45101
Correção de Cadastro,45131
Carga PGM,45155
Falha de acesso,45159
Correção de Cadastro,45184
Orientação - Instrução ao usuário de como utilizar o módulo,45188
Correção de Cadastro,45211
Carga PGM,45213
Orientação - Usuario Orientado como usar o modulo,45218
Carga PGM,45222
Carga PGM,45229
Orientação - Usuario Orientado como usar o modulo,45230
Orientação - Usuario Orientado como usar o modulo,45231
Carga PGM,45234
Ajuste de Tela,45246
Ajuste de Tela,45247
Falha de acesso,45273
Ajuste de Tela,45294
Falha de acesso,45300
Carga PGM,45322
Orientação - Usuario Orientado como usar o modulo,45335
Orientação - Usuario Orientado como usar o modulo,45336
Carga Massiva,45337
Correção de Cadastro,45340
Correção de Cadastro,45341
TIME OUT,45343
Correção de Cadastro,45345
Correção de Cadastro,45349
Carga PGM,45417
Falha de acesso,45449
Carga PGM,45471
Orientação - Instrução ao usuário de como utilizar o módulo,45475
Correção de Cadastro,45476
Escalado para o Fornecedor,45486
Carga Massiva,45490
Ajuste de Tela,45502
Correção de Cadastro,45526
Ajuste de Tela,45535
Ajuste de perfil,45624
Ajuste de WorkFlow,45628
Carga PGM,45651
TIME OUT,45681
TIME OUT,45682
Ajuste de Tela,45693
Correção de Cadastro,45695
Correção de Cadastro,45696
Correção de Cadastro,45697
Criação de Acesso,45708
Falha de acesso,45709
Ajuste de Tela,45714
Carga Massiva,45719
Criação de Acesso,45720
Ajuste de Tela,45733
Ajuste de Tela,45736
Correção de Cadastro,45738
Correção de Cadastro,45742
Orientação - Instrução ao usuário de como utilizar o módulo,45753
Correção de Cadastro,45762
Correção de Cadastro,45769
Correção de Cadastro,45774
Correção de Cadastro,45775
Correção de Cadastro,45776
Orientação - Instrução ao usuário de como utilizar o módulo,45777
Correção de Cadastro,45778
Correção de Cadastro,45779
Ajuste de Tela,45780
Correção de Cadastro,45781
Orientação - Usuario Orientado como usar o modulo,45792
Ajuste de Tela,45796
Orientação - Instrução ao usuário de como utilizar o módulo,45799
Ajuste de perfil,45831
Carga Massiva,45838
Carga Massiva,45844
Correção de Cadastro,45845
Correção de Cadastro,45847
Ajuste de Filtro - Padrão Grupo Predefinido,45851
Correção de Cadastro,45862
Ajuste de parâmetro do sistema,45864
Ajuste de Tela,45865
Ajuste de Tela,45868
Ajuste de Tela,45869
Criação de Acesso,45875
Ajuste de Tela,45878
Falha de acesso,45880
Ajuste de Tela,45884
Orientação - Usuario Orientado como usar o modulo,45891
Falha de acesso,45906
Checkagem de recursos da aplicação,41377
Correção de Cadastro,45979
Carga Massiva,45995
Checkagem de recursos da aplicação,41668
Checkagem de recursos da aplicação,43748
Checkagem de recursos da aplicação,45958
Sincronismo Nomad,46121
Ajuste de perfil,46138
Orientação - Instrução ao usuário de como utilizar o módulo,46173
Correção de Cadastro,46178
Correção de Cadastro,46220
Carga Massiva,46232
Orientação - Instrução ao usuário de como utilizar o módulo,46245
Ajuste de Tela,46259
Carga PGM,46288
Carga PGM,46289
Carga Massiva,46294
Correção de Cadastro,46310
Checkagem de recursos da aplicação,46012
Orientação - Usuario Orientado como usar o modulo,46325
Carga PGM,46382
Carga PGM,46395
Sincronismo nomad,46406
Ajuste de perfil,46417
Sincronismo Nomad,46418
Correção de Cadastro,46454
Correção de Cadastro,46455
Correção de Cadastro,46456
Correção de Cadastro,46488
Carga Massiva,46490
Orientação - Usuario Orientado como usar o modulo,46508
Correção de Cadastro,46521
Falha de acesso,46523
Falha de acesso,46541
Checkagem de recursos da aplicação,46039
Checkagem de recursos da aplicação,46043
Checkagem de recursos da aplicação,46316
Checkagem de recursos da aplicação,46542
Correção de Cadastro,46563
Carga PGM,46583
Correção de Cadastro,46610
Correção de Cadastro,46612
Checkagem de recursos da aplicação,46544
Orientação - Instrução ao usuário de como utilizar o módulo,46621
Orientação - Instrução ao usuário de como utilizar o módulo,46638
Checkagem de recursos da aplicação,46670
Orientação - Instrução ao usuário de como utilizar o módulo,46671
Ajuste de perfil,46701
Correção de Cadastro,46710
Falha de acesso,46734
Correção de Cadastro,46735
Correção de Cadastro,46739
TIME OUT,46759
Carga PGM,46819
Orientação - Usuario Orientado como usar o modulo,46879
Escalado para o Fornecedor,46884
Orientação - Mudança de Status OS/SS/Equipamento,46894
Correção de Cadastro,46963
Correção de Cadastro,46967
Orientação - Instrução ao usuário de como utilizar o módulo,46968
Carga PGM,46995
Carga PGM,47005
Checkagem de recursos da aplicação,46546
Carga Massiva,47128
Checkagem de recursos da aplicação,46547
Checkagem de recursos da aplicação,46615
Ajuste de Tela,47149
Orientação - Usuario Orientado como usar o modulo,47168
Orientação - Usuario Orientado como usar o modulo,47182
Orientação - Mudança de Status OS/SS/Equipamento,47189
Correção de Cadastro,47235
Falha de acesso,47237
Carga PGM,47239
Carga PGM,47243
Correção de Cadastro,47249
Correção de Cadastro,47268
Orientação - Usuario Orientado como usar o modulo,47284
Ajuste de perfil,47313
Correção de Cadastro,47320
Falha de acesso,47321
Checkagem de recursos da aplicação,47053
Carga Massiva,47344
Carga PGM,47378
Chamado aberto indevidamente,47390
Correção de Cadastro,47452
Escalado para o Fornecedor,47462
Carga PGM,47474
Correção de Cadastro,47527
Correção de Cadastro,47528
Correção de Cadastro,47530
Ajuste de perfil,47572
Criação de Acesso,47587
Correção de Cadastro,47589
Ajuste de perfil,47592
Ajuste de perfil,47607
Carga PGM,47622
Sincronismo Nomad,47626
Carga PGM,47648
Ajuste de perfil,47650
Correção de Cadastro,47651
Correção de Cadastro,47652
Ajuste de Tela,47661
Ajuste de Tela,47667
Correção de Cadastro,47680
Ajuste de perfil,47682
Ajuste de Tela,47693
Carga PGM,47717
Carga PGM,47730
Carga PGM,47732
Ajuste de Tela,47751
Orientação - Usuario Orientado como usar o modulo,47795
Correção de Cadastro,47802
Checkagem de recursos da aplicação,47135
Correção de Cadastro,47820
Checkagem de recursos da aplicação,47139
Ajuste de perfil,47940
Ajuste de perfil,48000
Sincronismo Nomad,48001
Orientação - Instrução ao usuário de como utilizar o módulo,48069
Correção de Cadastro,48090
Correção de Cadastro,48091
Orientação - Usuario Orientado como usar o modulo,48110
Correção de Cadastro,48126
Falha de acesso,48175
Ajuste de Tela,48261
Ajuste de perfil,48270
Ajuste de perfil,48279
Ajuste de perfil,48302
Correção de Cadastro,48307
Carga Massiva,48382
Carga Massiva,48385
Ajuste de perfil,48398
Criação de Acesso,48400
Correção de Cadastro,48440
Correção de Cadastro,48441
Checkagem de recursos da aplicação,47323
Falha de acesso,48444
Reinicio de serviço de relatório,48474
Reinicio de serviço de relatório,48479
Correção de Cadastro,48489
Correção de Cadastro,48490
Reinicio de serviço de relatório,48491
Correção de Cadastro,48494
Correção de Cadastro,48499
Correção de Cadastro,48502
TIME OUT,48534
TIME OUT,48535
Falha de acesso,48536
Checkagem de recursos da aplicação,47824
Ajuste de Tela,48598
Ajuste de Workflow,48618
Correção de Cadastro,48727
Extração de dados,48753
Carga Massiva,48759
Ajuste de parâmetro do sistema,48764
Correção de Cadastro,48799
Carga Massiva,48882
Ajuste de Tela,48895
Carga Massiva,48914
Ajuste de perfil,48935
Ajuste de perfil,48943
Escalado para o Fornecedor,48977
Ajuste de parâmetro do sistema,49085
Sincronismo nomad,49106
Carga PGM,49124
Ajuste de perfil,49150
Ajuste de Tela,49199
Ajuste de perfil,49214
Orientação - Instrução ao usuário de como utilizar o módulo,49230
Checkagem de recursos da aplicação,49236
Restaurar backup para recuperação de arquivo,49247
Falha de acesso,49275
Ajuste de Tela,49312
Orientação - Instrução ao usuário de como utilizar o módulo,49314
Carga Massiva,49323
Orientação - Usuario Orientado como usar o modulo,49333
Orientação - Usuario Orientado como usar o modulo,49346
Orientação - Mudança de Status OS/SS/Equipamento,49349
Orientação - Usuario Orientado como usar o modulo,49424
Orientação - Integração entre os sistemas desativada,49443
Orientação - Instrução ao usuário de como utilizar o módulo,49459
Orientação - Instrução ao usuário de como utilizar o módulo,49556
Ajuste de perfil,49566
Ajuste de WorkFlow,49594
Carga Massiva,49610
Time Out,49611
Escalado para Infra,49620
Falta de retorno do usuário,49635
Correção de Cadastro,49636
Time Out,49660
Criação de Acesso,49694
Correção de Cadastro,49697
Ajuste de perfil,49723
Correção de Cadastro,49766
Orientação - Instrução ao usuário de como utilizar o módulo,49783
Orientação - Usuario Orientado como usar o modulo,49797
Carga Massiva,49837
Correção de Cadastro,49850
Correção de Cadastro,49871
Correção de Cadastro,49876
Correção de Cadastro,49923
Criação de Acesso,49928
Ajuste de perfil,49958
Correção de Cadastro,49990
Usuário Orientado a Abrir IT Demand,49995
Ajuste de Workflow,50053
Ajuste de Workflow,50055
Criação de Acesso,50107
Correção de Cadastro,50153
Correção de Cadastro,50188
Correção de Cadastro,50205
Criação de Acesso,50207
Criação de Acesso,50209
Escalado para o Fornecedor,50219
Checkagem de recursos da aplicação,48442
Orientação - Instrução ao usuário de como utilizar o módulo,50362
Falha de acesso,50379
Correção de Cadastro,50436
Carga PGM,50519
Carga PGM,50538
Carga PGM,50544
Carga PGM,50561
Correção de Cadastro,50582
Correção de Cadastro,50586
Correção de Cadastro,50590
Carga Massiva,50607
Problema de PGM na SI,50696
Correção de Cadastro,50710
Correção de Cadastro,50715
Ajuste de perfil,50751
Carga PGM,50821
Correção de Cadastro,50845
Ajuste de perfil,50867
Correção de Cadastro,50877
Correção de Cadastro,50895
Correção de Cadastro,50896
Ajuste de Filtro - Padrão Grupo Predefinido,50935
Carga PGM,50982
Orientação - Instrução ao usuário de como utilizar o módulo,51000
Reinicio de Serviço - Wildfly,51107
Carga PGM,51116
Ajuste de perfil,51118
Carga PGM,51120
Orientação - Instrução ao usuário de como utilizar o módulo,51132
Falta de retorno do usuário,51133
Orientação - Usuario Orientado como usar o modulo,51135
Checkagem de recursos da aplicação,48538
Checkagem de recursos da aplicação,50352
Orientação - Usuario Orientado como usar o modulo,51192
Carga PGM,51210
Correção de Cadastro,51222
Ajuste de perfil,51225
Carga PGM,51228
Carga PGM,51251
